{"cameraMode":{"drawMode":0,"name":"Shaded","section":"Shading Mode"},"sceneLighting":false,"audioPlay":false,"sceneViewState":{"showFog":true,"showMaterialUpdate":false,"showSkybox":false,"showFlares":true,"showImageEffects":true,"showParticleSystems":true},"in2DMode":false,"pivot":{"x":170.85720825195313,"y":1100.91064453125,"z":126.720703125},"rotation":{"x":-0.09145879000425339,"y":0.06924828141927719,"z":-0.00637557078152895,"w":-0.993377685546875},"size":937.0465698242188,"orthographic":false}