{"cameraMode":{"drawMode":0,"name":"Shaded","section":"Shading Mode"},"sceneLighting":false,"audioPlay":false,"sceneViewState":{"showFog":true,"showMaterialUpdate":false,"showSkybox":false,"showFlares":true,"showImageEffects":true,"showParticleSystems":true},"in2DMode":false,"pivot":{"x":-148.36395263671876,"y":-4.329429626464844,"z":7.841064453125},"rotation":{"x":-0.0422806479036808,"y":-0.027874412015080453,"z":0.0011800340143963695,"w":-0.9987162351608276},"size":163.2790985107422,"orthographic":false}