{"cameraMode":{"drawMode":0,"name":"Shaded","section":"Shading Mode"},"sceneLighting":true,"audioPlay":false,"sceneViewState":{"showFog":true,"showMaterialUpdate":false,"showSkybox":true,"showFlares":true,"showImageEffects":true,"showParticleSystems":true},"in2DMode":false,"pivot":{"x":-0.21417605876922608,"y":3.655782699584961,"z":90.0},"rotation":{"x":-0.17312556505203248,"y":0.058167655020952228,"z":-0.010243186727166176,"w":-0.9831271767616272},"size":4.088549613952637,"orthographic":false}